{
  "nodes": {
    "+value#2": {
      "contentWidth": 542.5223532315173,
      "rfNode": {
        "position": {
          "x": -558.1162655812498,
          "y": -47.1890110611005
        }
      }
    },
    "LLM#1": {
      "rfNode": {
        "position": {
          "x": 218.61161431566694,
          "y": -346.1670982864209
        }
      },
      "sections": {
        "inputHandle": {
          "cardCollapsed": true
        },
        "preview": {
          "cardCollapsed": true
        }
      }
    },
    "+typescript#3": {
      "contentWidth": 350.4909266445239,
      "rfNode": {
        "position": {
          "x": 732.0440693869515,
          "y": -350.5765948302205
        }
      },
      "sections": {
        "outputs": {
          "collapsed": {
            "scenes": {
              "[]": true
            },
            "imagePromptOptions": {
              "[]": true
            }
          }
        },
        "scriptlet": {
          "cardCollapsed": true
        }
      }
    },
    "video_preview#1": {
      "contentWidth": 450,
      "rfNode": {
        "position": {
          "x": 2598.9738226145582,
          "y": 50.810988938899506
        }
      }
    },
    "+typescript#8": {
      "contentWidth": 450,
      "rfNode": {
        "position": {
          "x": 2017.077267877441,
          "y": 50.810988938899506
        }
      },
      "sections": {
        "scriptlet": {
          "cardCollapsed": true
        }
      }
    },
    "processor#1": {
      "rfNode": {
        "position": {
          "x": 1284.3946756369312,
          "y": -4.4959143160284825
        }
      },
      "sections": {
        "outputs": {
          "collapsed": {
            "videoAsset": {
              "[]": true
            }
          }
        }
      }
    },
    "+typescript#1": {
      "contentWidth": 590.0890788945161,
      "rfNode": {
        "position": {
          "x": 308.79707717449395,
          "y": 220.48866961246
        }
      },
      "sections": {
        "scriptlet": {
          "cardCollapsed": true
        }
      }
    }
  },
  "commentNodes": {
    "+comment-1751892452799": {
      "contentWidth": 350,
      "rfNode": {
        "position": {
          "x": 308.79707717449395,
          "y": 588.2208407606653
        }
      },
      "title": "Comment #1",
      "content": "获取图片、视频尺寸：目前只支持用户选择视频尺寸。然后根据选择的视频尺寸获取对应需要生成的图片尺寸。"
    },
    "+comment-1751892563353": {
      "contentWidth": 350,
      "rfNode": {
        "position": {
          "x": 437.4136228767048,
          "y": -631.1149282196108
        }
      },
      "title": "Comment #1",
      "content": "作用：根据输入的文本生成脚本。\n\n输出：输出为 String。parseScript 格式化为后续需要用到的结构：scenes。"
    }
  }
}