{
  "nodes": {
    "+value#2": {
      "contentWidth": 415,
      "rfNode": {
        "position": {
          "x": -305.0265495044054,
          "y": -34.36773056837231
        }
      }
    },
    "LLM#1": {
      "rfNode": {
        "position": {
          "x": 218.61161431566694,
          "y": -346.1670982864209
        }
      },
      "sections": {
        "inputHandle": {
          "cardCollapsed": true
        },
        "preview": {
          "cardCollapsed": true
        }
      }
    },
    "+typescript#3": {
      "contentWidth": 400.2618212958913,
      "rfNode": {
        "position": {
          "x": 732.0440693869515,
          "y": -350.5765948302205
        }
      },
      "sections": {
        "outputs": {
          "collapsed": {
            "scenes": {
              "[]": true
            }
          }
        },
        "scriptlet": {
          "cardCollapsed": true
        }
      }
    },
    "video_preview#1": {
      "contentWidth": 450,
      "rfNode": {
        "position": {
          "x": 2598.9738226145582,
          "y": 50.810988938899506
        }
      }
    },
    "+typescript#8": {
      "contentWidth": 450,
      "rfNode": {
        "position": {
          "x": 2017.077267877441,
          "y": 50.810988938899506
        }
      },
      "sections": {
        "scriptlet": {
          "cardCollapsed": true
        }
      }
    },
    "processor#1": {
      "rfNode": {
        "position": {
          "x": 1331.4023271078177,
          "y": 40.35334015508316
        }
      },
      "sections": {
        "outputs": {
          "collapsed": {
            "videoAsset": {
              "[]": true
            }
          }
        }
      }
    }
  }
}